Steve,Ramos,sramoso@barnesandnoble.com,21
Kelly,Carroll,kcarrollp@oakley.com,22
Kenneth,Henderson,khendersonq@liveinternet.ru,26
Bobby,Snyder,bsnyderr@symantec.com,30
Sandra,Andrews,sandrewss@cbc.ca,23
Julia,Bowman,jbowmant@sogou.com,27
Timothy,Nelson,tnelsonu@nydailynews.com,30
Justin,Brown,jbrownv@simplemachines.org,24
Johnny,Mendoza,jmendozaw@mit.edu,29
Barbara,Dean,bdeanx@myspace.com,20
Diana,Allen,dalleny@hubpages.com,25
Earl,James,ejamesz@umich.edu,23
Roy,King,rking10@hatena.ne.jp,25
Earl,Hall,ehall11@jiathis.com,21
Philip,Carter,pcarter12@themeforest.net,30
Andrea,Fuller,afuller13@about.me,26
Gloria,Bradley,gbradley14@yellowbook.com,24
Matthew,Fox,mfox15@google.com.au,25
Annie,Mitchell,amitchell16@si.edu,29
Kenneth,Cooper,kcooper17@studiopress.com,29
Lori,Fowler,lfowler18@businessweek.com,20
George,Gardner,ggardner19@liveinternet.ru,25
Sara,Fowler,sfowler1a@mac.com,27
Fred,Howard,fhoward1b@youtu.be,30
Alan,Hart,ahart1c@1und1.de,24
Albert,Robertson,arobertson1d@japanpost.jp,20
Patrick,Hayes,phayes1e@acquirethisname.com,28
Tammy,Allen,tallen1f@blog.com,25
Ronald,Berry,rberry1g@rakuten.co.jp,20
Philip,Simpson,psimpson1h@privacy.gov.au,23
Louis,Harrison,lharrison1i@nymag.com,21
Bonnie,Wells,bwells1j@geocities.com,27
Mark,Reed,mreed1k@arstechnica.com,20
Carlos,Mcdonald,cmcdonald1l@cbc.ca,25
Amy,Fowler,afowler1m@comsenz.com,22
Stephanie,Andrews,sandrews1n@icio.us,26
Kathy,Shaw,kshaw1o@nytimes.com,23
William,Harvey,wharvey1p@xrea.com,23
Amy,Arnold,aarnold1q@ftc.gov,24
Anne,Barnes,abarnes1r@prnewswire.com,24
Lillian,Cook,lcook1s@devhub.com,21
Cheryl,Gonzales,cgonzales1t@kickstarter.com,22
Maria,Adams,madams1u@telegraph.co.uk,21
Christine,Simpson,csimpson1v@netscape.com,29
Brian,Parker,bparker1w@360.cn,23
Annie,Day,aday1x@joomla.org,26
Brandon,Bailey,bbailey1y@berkeley.edu,28
Robert,Graham,rgraham1z@homestead.com,29
James,Hunt,jhunt20@privacy.gov.au,24
Stephen,Frazier,sfrazier21@feedburner.com,25
Marie,Burton,mburton22@timesonline.co.uk,24
Kimberly,Cook,kcook23@foxnews.com,26
Gloria,Montgomery,gmontgomery24@comcast.net,2